USE KitchenKorner;

INSERT INTO Users (User_ID, Username, Email, Full_Name)
VALUES (1, 'janelovesfood', 'jane.smith@kitchenkorner.com', 'Jane Smith'),
       (2, 'aliray', 'alison.ray@kitchenkorner.com', 'Alison Ray'),
       (3, 'sarahfoodie', 'sarah.anderson@kitchenkorner.com', 'Sarah Anderson');

insert into Users (User_ID, Username, Email, Full_Name) values (3302, 'mdurno0', 'mdurno0@pen.io', 'Milicent Durno');
insert into Users (User_ID, Username, Email, Full_Name) values (3928, 'lhymas1', 'lhymas1@globo.com', 'Lion Hymas');
insert into Users (User_ID, Username, Email, Full_Name) values (5671, 'mdrakes2', 'mdrakes2@yelp.com', 'Maurise Drakes');
insert into Users (User_ID, Username, Email, Full_Name) values (3936, 'khallock3', 'khallock3@ted.com', 'Kellen Hallock');
insert into Users (User_ID, Username, Email, Full_Name) values (6939, 'jarnau4', 'jarnau4@vimeo.com', 'Jacynth Arnau');
insert into Users (User_ID, Username, Email, Full_Name) values (4157, 'battwool5', 'battwool5@google.com.au', 'Blinnie Attwool');
insert into Users (User_ID, Username, Email, Full_Name) values (9375, 'ahorsell6', 'ahorsell6@shareasale.com', 'Aili Horsell');
insert into Users (User_ID, Username, Email, Full_Name) values (3304, 'rjobling7', 'rjobling7@arstechnica.com', 'Rooney Jobling');
insert into Users (User_ID, Username, Email, Full_Name) values (5131, 'rsutty8', 'rsutty8@deviantart.com', 'Rickert Sutty');
insert into Users (User_ID, Username, Email, Full_Name) values (5130, 'msinnie9', 'msinnie9@psu.edu', 'Marcos Sinnie');
insert into Users (User_ID, Username, Email, Full_Name) values (6282, 'araccioa', 'araccioa@lulu.com', 'Aundrea Raccio');
insert into Users (User_ID, Username, Email, Full_Name) values (3478, 'fmoritb', 'fmoritb@miitbeian.gov.cn', 'Farleigh Morit');
insert into Users (User_ID, Username, Email, Full_Name) values (9551, 'bgerantc', 'bgerantc@dailymotion.com', 'Brynna Gerant');
insert into Users (User_ID, Username, Email, Full_Name) values (4244, 'asnellerd', 'asnellerd@deviantart.com', 'Andria Sneller');
insert into Users (User_ID, Username, Email, Full_Name) values (1573, 'ggrosvenore', 'ggrosvenore@yahoo.com', 'Gisele Grosvenor');
insert into Users (User_ID, Username, Email, Full_Name) values (6593, 'zspeariettf', 'zspeariettf@thetimes.co.uk', 'Zonnya Speariett');
insert into Users (User_ID, Username, Email, Full_Name) values (3893, 'hcuardallg', 'hcuardallg@google.de', 'Herman Cuardall');
insert into Users (User_ID, Username, Email, Full_Name) values (2650, 'hbillsh', 'hbillsh@indiatimes.com', 'Hephzibah Bills');
insert into Users (User_ID, Username, Email, Full_Name) values (7014, 'cmustilli', 'cmustilli@redcross.org', 'Claudianus Mustill');
insert into Users (User_ID, Username, Email, Full_Name) values (1843, 'lgrishukhinj', 'lgrishukhinj@wp.com', 'Lurette Grishukhin');
insert into Users (User_ID, Username, Email, Full_Name) values (3512, 'icrossek', 'icrossek@mit.edu', 'Isidoro Crosse');
insert into Users (User_ID, Username, Email, Full_Name) values (3343, 'bkernanl', 'bkernanl@washington.edu', 'Baryram Kernan');
insert into Users (User_ID, Username, Email, Full_Name) values (5036, 'jmacdwyerm', 'jmacdwyerm@huffingtonpost.com', 'Jorgan MacDwyer');
insert into Users (User_ID, Username, Email, Full_Name) values (6429, 'fmcanenyn', 'fmcanenyn@free.fr', 'Frederik McAneny');
insert into Users (User_ID, Username, Email, Full_Name) values (4106, 'fdivinao', 'fdivinao@telegraph.co.uk', 'Frederico Divina');
insert into Users (User_ID, Username, Email, Full_Name) values (9465, 'lcarreckp', 'lcarreckp@google.fr', 'Lucilia Carreck');
insert into Users (User_ID, Username, Email, Full_Name) values (1920, 'adungayq', 'adungayq@etsy.com', 'Aloin Dungay');
insert into Users (User_ID, Username, Email, Full_Name) values (6711, 'fthornr', 'fthornr@about.com', 'Frazier Thorn');
insert into Users (User_ID, Username, Email, Full_Name) values (8247, 'ncarslakes', 'ncarslakes@hugedomains.com', 'Nannette Carslake');
insert into Users (User_ID, Username, Email, Full_Name) values (1936, 'pwanstallt', 'pwanstallt@techcrunch.com', 'Prentice Wanstall');
insert into Users (User_ID, Username, Email, Full_Name) values (7525, 'ajakubiaku', 'ajakubiaku@4shared.com', 'Ailee Jakubiak');
insert into Users (User_ID, Username, Email, Full_Name) values (5707, 'gwhittersv', 'gwhittersv@wired.com', 'Gearalt Whitters');
insert into Users (User_ID, Username, Email, Full_Name) values (3624, 'cteazew', 'cteazew@issuu.com', 'Cecil Teaze');
insert into Users (User_ID, Username, Email, Full_Name) values (6269, 'fmolineauxx', 'fmolineauxx@about.com', 'Flss Molineaux');
insert into Users (User_ID, Username, Email, Full_Name) values (5070, 'iyongey', 'iyongey@dedecms.com', 'Isahella Yonge');
insert into Users (User_ID, Username, Email, Full_Name) values (7758, 'lpandyaz', 'lpandyaz@usgs.gov', 'Lavinia Pandya');
insert into Users (User_ID, Username, Email, Full_Name) values (8718, 'ndowne10', 'ndowne10@google.de', 'Nikolai Downe');
insert into Users (User_ID, Username, Email, Full_Name) values (7183, 'ifrostdick11', 'ifrostdick11@google.ca', 'Irma Frostdick');
insert into Users (User_ID, Username, Email, Full_Name) values (2170, 'jchaize12', 'jchaize12@nymag.com', 'Jennica Chaize');
insert into Users (User_ID, Username, Email, Full_Name) values (4830, 'gnevet13', 'gnevet13@usnews.com', 'Gasper Nevet');
insert into Users (User_ID, Username, Email, Full_Name) values (8541, 'ocrowcum14', 'ocrowcum14@bizjournals.com', 'Odessa Crowcum');
insert into Users (User_ID, Username, Email, Full_Name) values (7151, 'vsnoddin15', 'vsnoddin15@senate.gov', 'Valera Snoddin');
insert into Users (User_ID, Username, Email, Full_Name) values (9405, 'tde16', 'tde16@comcast.net', 'Trudey De Miranda');
insert into Users (User_ID, Username, Email, Full_Name) values (8579, 'aomand17', 'aomand17@noaa.gov', 'Ara Omand');
insert into Users (User_ID, Username, Email, Full_Name) values (3245, 'gbinks18', 'gbinks18@arizona.edu', 'Gayle Binks');
insert into Users (User_ID, Username, Email, Full_Name) values (6981, 'fcrudgington19', 'fcrudgington19@ustream.tv', 'Frederic Crudgington');
insert into Users (User_ID, Username, Email, Full_Name) values (3154, 'smorgan1a', 'smorgan1a@census.gov', 'Saul Morgan');
insert into Users (User_ID, Username, Email, Full_Name) values (1878, 'imaxwell1b', 'imaxwell1b@constantcontact.com', 'Ive Maxwell');
insert into Users (User_ID, Username, Email, Full_Name) values (2402, 'sjaslem1c', 'sjaslem1c@nydailynews.com', 'Sanson Jaslem');
insert into Users (User_ID, Username, Email, Full_Name) values (7351, 'dharring1d', 'dharring1d@springer.com', 'Dorisa Harring');
insert into Users (User_ID, Username, Email, Full_Name) values (1524, 'awaker1e', 'awaker1e@springer.com', 'Aksel Waker');
insert into Users (User_ID, Username, Email, Full_Name) values (6072, 'hbaudic1f', 'hbaudic1f@sina.com.cn', 'Haze Baudic');
insert into Users (User_ID, Username, Email, Full_Name) values (4853, 'etart1g', 'etart1g@dyndns.org', 'Elva Tart');
insert into Users (User_ID, Username, Email, Full_Name) values (8970, 'nfontenot1h', 'nfontenot1h@so-net.ne.jp', 'Neala Fontenot');
insert into Users (User_ID, Username, Email, Full_Name) values (8198, 'jbullocke1i', 'jbullocke1i@icq.com', 'Jonas Bullocke');
insert into Users (User_ID, Username, Email, Full_Name) values (4463, 'jdomange1j', 'jdomange1j@hp.com', 'Jessa Domange');
insert into Users (User_ID, Username, Email, Full_Name) values (5486, 'kdacke1k', 'kdacke1k@ifeng.com', 'Karilynn Dacke');
insert into Users (User_ID, Username, Email, Full_Name) values (6973, 'zfairn1l', 'zfairn1l@simplemachines.org', 'Zahara Fairn');
insert into Users (User_ID, Username, Email, Full_Name) values (2934, 'lpardi1m', 'lpardi1m@dailymail.co.uk', 'Lu Pardi');
insert into Users (User_ID, Username, Email, Full_Name) values (4388, 'hcusted1n', 'hcusted1n@amazon.co.jp', 'Helena Custed');


INSERT INTO Filters (Filter_ID) VALUES (55),
                                       (56);

INSERT INTO Posts (Post_ID, User_ID, Filter_ID) VALUES (1000, 1, 55),
                                                       (1001, 1, 56),
                                                       (1002, 3, 55);

INSERT INTO Ingredients (Amount, Ingredient_ID, Price, Store, Ingredients.Ingredient_Name)
VALUES (1, 0625, 6.99, 'Star Market', 'Avocado'),
       (2, 0635, 5.99, 'Star Market', 'Bread'),
       (1, 0645, 7.99, 'Star Market', 'Eggs'),
       (1, 0655, 6.99, 'Stop and Shop', 'Milk');

INSERT INTO Recipes (Instructions, Image, Meal_Type, Recipe_ID,
                     Recipe_Name, Post_ID, Cuisine, Expected_Time, Expected_Difficulty)
VALUES ('Slice 1 avocado into pieces. Make egg over easy. Put avocado slices on bread. Put egg on avocado slices.',
        'https://example.com/images/image1.jpeg', 'Breakfast', 1000, 'Avocado Toast', 1000, '', 0.1, 2),
    ('Cook pasta. Cook Chicken. Pour alfredo.', 'https://example.com/images/image2.jpeg', 'Dinner', 1001, 'Chicken Alfredo', 1001, '', 0.5, 4);

insert into Recipes (Instructions, Image, Meal_Type, Recipe_ID, Recipe_Name, Post_ID, Cuisine, Expected_Time, Expected_Difficulty) values ('Let cool before serving', 'http://dummyimage.com/173x100.png/cc0000/ffffff', 'lunch', 2980, 'Chicken Alfredo', 3163, 'Japanese', 23.53, 7);
insert into Recipes (Instructions, Image, Meal_Type, Recipe_ID, Recipe_Name, Post_ID, Cuisine, Expected_Time, Expected_Difficulty) values ('Bake for 30 minutes', 'http://dummyimage.com/223x100.png/5fa2dd/ffffff', 'snack', 1454, 'Mushroom Risotto', 9793, 'Indian', 4.79, 9);
insert into Recipes (Instructions, Image, Meal_Type, Recipe_ID, Recipe_Name, Post_ID, Cuisine, Expected_Time, Expected_Difficulty) values ('Let cool before serving', 'http://dummyimage.com/107x100.png/cc0000/ffffff', 'lunch', 7183, 'Beef Stroganoff', 9823, 'Chinese', 5.45, 9);
insert into Recipes (Instructions, Image, Meal_Type, Recipe_ID, Recipe_Name, Post_ID, Cuisine, Expected_Time, Expected_Difficulty) values ('Let cool before serving', 'http://dummyimage.com/242x100.png/5fa2dd/ffffff', 'lunch', 9453, 'Beef Stroganoff', 5289, 'Mexican', 17.07, 9);
insert into Recipes (Instructions, Image, Meal_Type, Recipe_ID, Recipe_Name, Post_ID, Cuisine, Expected_Time, Expected_Difficulty) values ('Let cool before serving', 'http://dummyimage.com/180x100.png/dddddd/000000', 'breakfast', 7328, 'Mushroom Risotto', 3871, 'Mediterranean', 6.54, 4);
insert into Recipes (Instructions, Image, Meal_Type, Recipe_ID, Recipe_Name, Post_ID, Cuisine, Expected_Time, Expected_Difficulty) values ('Preheat oven to 350°F', 'http://dummyimage.com/151x100.png/cc0000/ffffff', 'dessert', 8523, 'Chicken Alfredo', 5119, 'Mediterranean', 17.57, 9);
insert into Recipes (Instructions, Image, Meal_Type, Recipe_ID, Recipe_Name, Post_ID, Cuisine, Expected_Time, Expected_Difficulty) values ('Let cool before serving', 'http://dummyimage.com/104x100.png/ff4444/ffffff', 'dessert', 1661, 'Vegetable Stir-Fry', 4018, 'French', 14.89, 10);
insert into Recipes (Instructions, Image, Meal_Type, Recipe_ID, Recipe_Name, Post_ID, Cuisine, Expected_Time, Expected_Difficulty) values ('Let cool before serving', 'http://dummyimage.com/231x100.png/dddddd/000000', 'snack', 8682, 'Spaghetti Carbonara', 4829, 'Thai', 5.76, 6);
insert into Recipes (Instructions, Image, Meal_Type, Recipe_ID, Recipe_Name, Post_ID, Cuisine, Expected_Time, Expected_Difficulty) values ('Chop vegetables finely', 'http://dummyimage.com/207x100.png/5fa2dd/ffffff', 'dessert', 7410, 'Chicken Alfredo', 2100, 'Indian', 8.83, 6);
insert into Recipes (Instructions, Image, Meal_Type, Recipe_ID, Recipe_Name, Post_ID, Cuisine, Expected_Time, Expected_Difficulty) values ('Preheat oven to 350°F', 'http://dummyimage.com/103x100.png/5fa2dd/ffffff', 'breakfast', 8341, 'Spaghetti Carbonara', 3236, 'Mediterranean', 12.98, 6);
insert into Recipes (Instructions, Image, Meal_Type, Recipe_ID, Recipe_Name, Post_ID, Cuisine, Expected_Time, Expected_Difficulty) values ('Mix ingredients together in a bowl', 'http://dummyimage.com/218x100.png/dddddd/000000', 'breakfast', 1639, 'Beef Stroganoff', 1477, 'French', 22.54, 5);
insert into Recipes (Instructions, Image, Meal_Type, Recipe_ID, Recipe_Name, Post_ID, Cuisine, Expected_Time, Expected_Difficulty) values ('Let cool before serving', 'http://dummyimage.com/165x100.png/dddddd/000000', 'snack', 9245, 'Beef Stroganoff', 2068, 'Mediterranean', 15.43, 6);
insert into Recipes (Instructions, Image, Meal_Type, Recipe_ID, Recipe_Name, Post_ID, Cuisine, Expected_Time, Expected_Difficulty) values ('Let cool before serving', 'http://dummyimage.com/248x100.png/ff4444/ffffff', 'snack', 9399, 'Chicken Alfredo', 9131, 'Indian', 4.05, 5);
insert into Recipes (Instructions, Image, Meal_Type, Recipe_ID, Recipe_Name, Post_ID, Cuisine, Expected_Time, Expected_Difficulty) values ('Preheat oven to 350°F', 'http://dummyimage.com/210x100.png/cc0000/ffffff', 'lunch', 8780, 'Mushroom Risotto', 6270, 'Mexican', 17.79, 8);
insert into Recipes (Instructions, Image, Meal_Type, Recipe_ID, Recipe_Name, Post_ID, Cuisine, Expected_Time, Expected_Difficulty) values ('Bake for 30 minutes', 'http://dummyimage.com/212x100.png/dddddd/000000', 'snack', 9373, 'Beef Stroganoff', 6679, 'Chinese', 9.99, 3);
insert into Recipes (Instructions, Image, Meal_Type, Recipe_ID, Recipe_Name, Post_ID, Cuisine, Expected_Time, Expected_Difficulty) values ('Let cool before serving', 'http://dummyimage.com/219x100.png/5fa2dd/ffffff', 'dinner', 9713, 'Beef Stroganoff', 9719, 'Chinese', 15.01, 7);
insert into Recipes (Instructions, Image, Meal_Type, Recipe_ID, Recipe_Name, Post_ID, Cuisine, Expected_Time, Expected_Difficulty) values ('Let cool before serving', 'http://dummyimage.com/163x100.png/5fa2dd/ffffff', 'snack', 3673, 'Mushroom Risotto', 2744, 'Mexican', 21.45, 4);
insert into Recipes (Instructions, Image, Meal_Type, Recipe_ID, Recipe_Name, Post_ID, Cuisine, Expected_Time, Expected_Difficulty) values ('Let cool before serving', 'http://dummyimage.com/129x100.png/5fa2dd/ffffff', 'breakfast', 4295, 'Mushroom Risotto', 1681, 'Italian', 13.76, 10);
insert into Recipes (Instructions, Image, Meal_Type, Recipe_ID, Recipe_Name, Post_ID, Cuisine, Expected_Time, Expected_Difficulty) values ('Mix ingredients together in a bowl', 'http://dummyimage.com/144x100.png/cc0000/ffffff', 'breakfast', 3401, 'Beef Stroganoff', 4847, 'Italian', 12.7, 7);
insert into Recipes (Instructions, Image, Meal_Type, Recipe_ID, Recipe_Name, Post_ID, Cuisine, Expected_Time, Expected_Difficulty) values ('Bake for 30 minutes', 'http://dummyimage.com/132x100.png/ff4444/ffffff', 'breakfast', 1415, 'Chicken Alfredo', 7387, 'Japanese', 9.15, 2);
insert into Recipes (Instructions, Image, Meal_Type, Recipe_ID, Recipe_Name, Post_ID, Cuisine, Expected_Time, Expected_Difficulty) values ('Chop vegetables finely', 'http://dummyimage.com/177x100.png/5fa2dd/ffffff', 'dinner', 4210, 'Mushroom Risotto', 4649, 'Mexican', 10.13, 7);
insert into Recipes (Instructions, Image, Meal_Type, Recipe_ID, Recipe_Name, Post_ID, Cuisine, Expected_Time, Expected_Difficulty) values ('Preheat oven to 350°F', 'http://dummyimage.com/180x100.png/ff4444/ffffff', 'lunch', 4503, 'Vegetable Stir-Fry', 1898, 'Mediterranean', 8.42, 10);
insert into Recipes (Instructions, Image, Meal_Type, Recipe_ID, Recipe_Name, Post_ID, Cuisine, Expected_Time, Expected_Difficulty) values ('Let cool before serving', 'http://dummyimage.com/137x100.png/cc0000/ffffff', 'snack', 4083, 'Vegetable Stir-Fry', 8504, 'French', 16.84, 8);
insert into Recipes (Instructions, Image, Meal_Type, Recipe_ID, Recipe_Name, Post_ID, Cuisine, Expected_Time, Expected_Difficulty) values ('Let cool before serving', 'http://dummyimage.com/139x100.png/cc0000/ffffff', 'snack', 1916, 'Chicken Alfredo', 5732, 'Mediterranean', 3.4, 9);
insert into Recipes (Instructions, Image, Meal_Type, Recipe_ID, Recipe_Name, Post_ID, Cuisine, Expected_Time, Expected_Difficulty) values ('Preheat oven to 350°F', 'http://dummyimage.com/128x100.png/cc0000/ffffff', 'snack', 5328, 'Beef Stroganoff', 6462, 'Indian', 13.97, 5);
insert into Recipes (Instructions, Image, Meal_Type, Recipe_ID, Recipe_Name, Post_ID, Cuisine, Expected_Time, Expected_Difficulty) values ('Bake for 30 minutes', 'http://dummyimage.com/246x100.png/dddddd/000000', 'snack', 8853, 'Beef Stroganoff', 7344, 'Mexican', 1.47, 8);
insert into Recipes (Instructions, Image, Meal_Type, Recipe_ID, Recipe_Name, Post_ID, Cuisine, Expected_Time, Expected_Difficulty) values ('Let cool before serving', 'http://dummyimage.com/147x100.png/5fa2dd/ffffff', 'lunch', 8260, 'Mushroom Risotto', 4435, 'Thai', 6.91, 7);
insert into Recipes (Instructions, Image, Meal_Type, Recipe_ID, Recipe_Name, Post_ID, Cuisine, Expected_Time, Expected_Difficulty) values ('Let cool before serving', 'http://dummyimage.com/176x100.png/5fa2dd/ffffff', 'lunch', 9281, 'Spaghetti Carbonara', 1936, 'Italian', 23.05, 7);
insert into Recipes (Instructions, Image, Meal_Type, Recipe_ID, Recipe_Name, Post_ID, Cuisine, Expected_Time, Expected_Difficulty) values ('Preheat oven to 350°F', 'http://dummyimage.com/137x100.png/cc0000/ffffff', 'dinner', 4184, 'Chicken Alfredo', 7571, 'Japanese', 0.15, 7);
insert into Recipes (Instructions, Image, Meal_Type, Recipe_ID, Recipe_Name, Post_ID, Cuisine, Expected_Time, Expected_Difficulty) values ('Let cool before serving', 'http://dummyimage.com/152x100.png/dddddd/000000', 'breakfast', 5214, 'Chicken Alfredo', 4908, 'Italian', 7.41, 2);
insert into Recipes (Instructions, Image, Meal_Type, Recipe_ID, Recipe_Name, Post_ID, Cuisine, Expected_Time, Expected_Difficulty) values ('Let cool before serving', 'http://dummyimage.com/236x100.png/cc0000/ffffff', 'dinner', 9998, 'Spaghetti Carbonara', 5862, 'Indian', 23.4, 5);
insert into Recipes (Instructions, Image, Meal_Type, Recipe_ID, Recipe_Name, Post_ID, Cuisine, Expected_Time, Expected_Difficulty) values ('Bake for 30 minutes', 'http://dummyimage.com/227x100.png/ff4444/ffffff', 'snack', 1002, 'Beef Stroganoff', 7376, 'Indian', 12.89, 10);
insert into Recipes (Instructions, Image, Meal_Type, Recipe_ID, Recipe_Name, Post_ID, Cuisine, Expected_Time, Expected_Difficulty) values ('Chop vegetables finely', 'http://dummyimage.com/158x100.png/cc0000/ffffff', 'lunch', 6553, 'Spaghetti Carbonara', 7591, 'Mexican', 8.76, 2);
insert into Recipes (Instructions, Image, Meal_Type, Recipe_ID, Recipe_Name, Post_ID, Cuisine, Expected_Time, Expected_Difficulty) values ('Bake for 30 minutes', 'http://dummyimage.com/115x100.png/5fa2dd/ffffff', 'lunch', 4987, 'Chicken Alfredo', 4424, 'Mediterranean', 9.27, 8);
insert into Recipes (Instructions, Image, Meal_Type, Recipe_ID, Recipe_Name, Post_ID, Cuisine, Expected_Time, Expected_Difficulty) values ('Let cool before serving', 'http://dummyimage.com/155x100.png/5fa2dd/ffffff', 'dinner', 5838, 'Spaghetti Carbonara', 8537, 'Indian', 5.18, 5);
insert into Recipes (Instructions, Image, Meal_Type, Recipe_ID, Recipe_Name, Post_ID, Cuisine, Expected_Time, Expected_Difficulty) values ('Preheat oven to 350°F', 'http://dummyimage.com/205x100.png/5fa2dd/ffffff', 'lunch', 7313, 'Chicken Alfredo', 9825, 'Mexican', 17.95, 3);
insert into Recipes (Instructions, Image, Meal_Type, Recipe_ID, Recipe_Name, Post_ID, Cuisine, Expected_Time, Expected_Difficulty) values ('Let cool before serving', 'http://dummyimage.com/240x100.png/cc0000/ffffff', 'breakfast', 5000, 'Vegetable Stir-Fry', 1946, 'Mediterranean', 11.46, 8);
insert into Recipes (Instructions, Image, Meal_Type, Recipe_ID, Recipe_Name, Post_ID, Cuisine, Expected_Time, Expected_Difficulty) values ('Mix ingredients together in a bowl', 'http://dummyimage.com/200x100.png/5fa2dd/ffffff', 'dessert', 9267, 'Beef Stroganoff', 4192, 'French', 23.35, 4);
insert into Recipes (Instructions, Image, Meal_Type, Recipe_ID, Recipe_Name, Post_ID, Cuisine, Expected_Time, Expected_Difficulty) values ('Let cool before serving', 'http://dummyimage.com/137x100.png/ff4444/ffffff', 'dinner', 5866, 'Spaghetti Carbonara', 9208, 'Mexican', 22.8, 8);
insert into Recipes (Instructions, Image, Meal_Type, Recipe_ID, Recipe_Name, Post_ID, Cuisine, Expected_Time, Expected_Difficulty) values ('Let cool before serving', 'http://dummyimage.com/197x100.png/cc0000/ffffff', 'snack', 4459, 'Spaghetti Carbonara', 9228, 'Italian', 0.89, 1);
insert into Recipes (Instructions, Image, Meal_Type, Recipe_ID, Recipe_Name, Post_ID, Cuisine, Expected_Time, Expected_Difficulty) values ('Mix ingredients together in a bowl', 'http://dummyimage.com/145x100.png/ff4444/ffffff', 'dinner', 8713, 'Beef Stroganoff', 5943, 'French', 0.29, 10);
insert into Recipes (Instructions, Image, Meal_Type, Recipe_ID, Recipe_Name, Post_ID, Cuisine, Expected_Time, Expected_Difficulty) values ('Preheat oven to 350°F', 'http://dummyimage.com/160x100.png/dddddd/000000', 'lunch', 1092, 'Vegetable Stir-Fry', 3891, 'Indian', 14.23, 8);
insert into Recipes (Instructions, Image, Meal_Type, Recipe_ID, Recipe_Name, Post_ID, Cuisine, Expected_Time, Expected_Difficulty) values ('Chop vegetables finely', 'http://dummyimage.com/243x100.png/ff4444/ffffff', 'dinner', 9363, 'Spaghetti Carbonara', 6292, 'Thai', 20.86, 7);
insert into Recipes (Instructions, Image, Meal_Type, Recipe_ID, Recipe_Name, Post_ID, Cuisine, Expected_Time, Expected_Difficulty) values ('Mix ingredients together in a bowl', 'http://dummyimage.com/200x100.png/ff4444/ffffff', 'dinner', 2435, 'Beef Stroganoff', 9657, 'Japanese', 11.89, 7);
insert into Recipes (Instructions, Image, Meal_Type, Recipe_ID, Recipe_Name, Post_ID, Cuisine, Expected_Time, Expected_Difficulty) values ('Mix ingredients together in a bowl', 'http://dummyimage.com/149x100.png/dddddd/000000', 'snack', 5415, 'Beef Stroganoff', 8558, 'Italian', 17.67, 7);
insert into Recipes (Instructions, Image, Meal_Type, Recipe_ID, Recipe_Name, Post_ID, Cuisine, Expected_Time, Expected_Difficulty) values ('Mix ingredients together in a bowl', 'http://dummyimage.com/213x100.png/cc0000/ffffff', 'dinner', 4108, 'Mushroom Risotto', 4314, 'Chinese', 0.19, 3);
insert into Recipes (Instructions, Image, Meal_Type, Recipe_ID, Recipe_Name, Post_ID, Cuisine, Expected_Time, Expected_Difficulty) values ('Let cool before serving', 'http://dummyimage.com/117x100.png/ff4444/ffffff', 'dessert', 5101, 'Spaghetti Carbonara', 2673, 'French', 22.12, 1);
insert into Recipes (Instructions, Image, Meal_Type, Recipe_ID, Recipe_Name, Post_ID, Cuisine, Expected_Time, Expected_Difficulty) values ('Mix ingredients together in a bowl', 'http://dummyimage.com/162x100.png/5fa2dd/ffffff', 'lunch', 5568, 'Vegetable Stir-Fry', 9377, 'Indian', 8.58, 5);
insert into Recipes (Instructions, Image, Meal_Type, Recipe_ID, Recipe_Name, Post_ID, Cuisine, Expected_Time, Expected_Difficulty) values ('Let cool before serving', 'http://dummyimage.com/145x100.png/dddddd/000000', 'breakfast', 1052, 'Mushroom Risotto', 3251, 'Japanese', 20.4, 2);
insert into Recipes (Instructions, Image, Meal_Type, Recipe_ID, Recipe_Name, Post_ID, Cuisine, Expected_Time, Expected_Difficulty) values ('Preheat oven to 350°F', 'http://dummyimage.com/110x100.png/cc0000/ffffff', 'dessert', 4580, 'Beef Stroganoff', 8045, 'Italian', 18.76, 10);
insert into Recipes (Instructions, Image, Meal_Type, Recipe_ID, Recipe_Name, Post_ID, Cuisine, Expected_Time, Expected_Difficulty) values ('Mix ingredients together in a bowl', 'http://dummyimage.com/147x100.png/ff4444/ffffff', 'snack', 5526, 'Vegetable Stir-Fry', 9322, 'Japanese', 13.71, 5);
insert into Recipes (Instructions, Image, Meal_Type, Recipe_ID, Recipe_Name, Post_ID, Cuisine, Expected_Time, Expected_Difficulty) values ('Chop vegetables finely', 'http://dummyimage.com/126x100.png/ff4444/ffffff', 'snack', 1744, 'Spaghetti Carbonara', 8008, 'Indian', 14.52, 9);
insert into Recipes (Instructions, Image, Meal_Type, Recipe_ID, Recipe_Name, Post_ID, Cuisine, Expected_Time, Expected_Difficulty) values ('Mix ingredients together in a bowl', 'http://dummyimage.com/209x100.png/ff4444/ffffff', 'dessert', 9503, 'Beef Stroganoff', 3243, 'Chinese', 16.33, 7);
insert into Recipes (Instructions, Image, Meal_Type, Recipe_ID, Recipe_Name, Post_ID, Cuisine, Expected_Time, Expected_Difficulty) values ('Chop vegetables finely', 'http://dummyimage.com/126x100.png/dddddd/000000', 'snack', 8554, 'Chicken Alfredo', 8441, 'Thai', 12.67, 2);
insert into Recipes (Instructions, Image, Meal_Type, Recipe_ID, Recipe_Name, Post_ID, Cuisine, Expected_Time, Expected_Difficulty) values ('Preheat oven to 350°F', 'http://dummyimage.com/175x100.png/ff4444/ffffff', 'snack', 9408, 'Mushroom Risotto', 9528, 'Italian', 1.7, 7);
insert into Recipes (Instructions, Image, Meal_Type, Recipe_ID, Recipe_Name, Post_ID, Cuisine, Expected_Time, Expected_Difficulty) values ('Bake for 30 minutes', 'http://dummyimage.com/133x100.png/ff4444/ffffff', 'snack', 2303, 'Chicken Alfredo', 8152, 'Indian', 23.98, 1);
insert into Recipes (Instructions, Image, Meal_Type, Recipe_ID, Recipe_Name, Post_ID, Cuisine, Expected_Time, Expected_Difficulty) values ('Bake for 30 minutes', 'http://dummyimage.com/194x100.png/dddddd/000000', 'dinner', 5053, 'Mushroom Risotto', 3793, 'Japanese', 16.43, 1);
insert into Recipes (Instructions, Image, Meal_Type, Recipe_ID, Recipe_Name, Post_ID, Cuisine, Expected_Time, Expected_Difficulty) values ('Let cool before serving', 'http://dummyimage.com/221x100.png/ff4444/ffffff', 'lunch', 3093, 'Chicken Alfredo', 3083, 'Japanese', 8.29, 2);
insert into Recipes (Instructions, Image, Meal_Type, Recipe_ID, Recipe_Name, Post_ID, Cuisine, Expected_Time, Expected_Difficulty) values ('Preheat oven to 350°F', 'http://dummyimage.com/206x100.png/ff4444/ffffff', 'dessert', 4138, 'Chicken Alfredo', 2875, 'Italian', 7.07, 2);
insert into Recipes (Instructions, Image, Meal_Type, Recipe_ID, Recipe_Name, Post_ID, Cuisine, Expected_Time, Expected_Difficulty) values ('Mix ingredients together in a bowl', 'http://dummyimage.com/202x100.png/ff4444/ffffff', 'snack', 8832, 'Beef Stroganoff', 7120, 'Mediterranean', 14.42, 9);


INSERT INTO IngredientDetails (Recipe_ID, Ingredient_ID) VALUES (1000, 0625),
                                                                (1000, 0635),
                                                                (1000, 0645);

INSERT INTO Comments (Text, User_ID, Comment_ID, Post_ID)
VALUES ('Love!', 2, 8000, 1000),
       ('Yum!', 3, 8001, 1000),
       ('Thanks!', 1, 8002, 1000);

INSERT INTO Ratings (Rating_ID, Actual_Difficulty, Actual_Time, Taste, Post_ID, User_ID)
VALUES (2000, 3, 0.2, 8, 1000, 2),
       (2001, 2, 0.2, 9, 1000, 3);

INSERT INTO Follows (Followee_ID, Follower_ID) VALUES (3, 2),
                                                      (3, 1),
                                                      (2, 1),
                                                      (1, 2),
                                                      (1, 3);

INSERT INTO Feeds (Following_ID, Post_ID, User_ID) VALUES (1, 1000, 1),
                                                          (2, 1001, 3);

INSERT INTO Cookbook (Cookbook_ID, Recipe_ID, User_ID, Modified_Datetime)
VALUES (700, 1000, 1, current_timestamp),
       (701, 1001, 1, current_timestamp);

INSERT INTO External_Messages (Message_ID, Post_ID, User_ID, Text)
VALUES (10000, 1000, 2, 'Check this out!'),
       (10001, 1001, 2, 'Lets try this');

INSERT INTO Tags (Post_ID, User_ID) VALUES (1000, 2),
                                          (1001, 2);

INSERT INTO Recipe_Cookbook (Recipe_ID, Cookbook_ID)
VALUES (1000, 700),
       (1001, 700);

INSERT INTO Direct_Messages (User_ID, Text, Post_ID) VALUES (1, 'You would love this', 1000),
                                                            (2, 'Going to the grocery store rn!', 1001);

INSERT INTO Keywords_In (Filter_ID, Keyword_One) VALUES (55, 'Pasta'),
                                                        (56, 'Dinner');

INSERT INTO Keywords_Out (Filter_ID, Keyword_One) VALUES (55, 'Dairy'),
                                                         (56, 'Nut');